{"cameraMode":{"drawMode":0,"name":"Shaded","section":"Shading Mode"},"sceneLighting":true,"audioPlay":false,"sceneViewState":{"m_AlwaysRefresh":false,"showFog":true,"showSkybox":true,"showFlares":true,"showImageEffects":true,"showParticleSystems":true,"showVisualEffectGraphs":true,"m_FxEnabled":true},"in2DMode":false,"pivot":{"x":-4.070504188537598,"y":-2.488739013671875,"z":3.2688732147216799},"rotation":{"x":-0.20681630074977876,"y":0.06656794995069504,"z":-0.014104551635682583,"w":-0.976017415523529},"size":146.38339233398438,"orthographic":false}